<?xml version="1.0" encoding="UTF-8" standalone="yes"?>
<addon id="script.zhiboyuan.xiugai" name="zhiboyuanxiugai" version="0.0.1" provider-name="hanfeng">
	<requires>
		<import addon="xbmc.python" version="3.0.0"/>
	</requires>
	<extension point="xbmc.service" library="addon.py">
		<provides>executable</provides>
	</extension>
	<extension point="xbmc.python.module" library="libs" />
	<extension point="xbmc.addon.metadata">
		<platform>all</platform>
		<summary lang="zh">直播源修改插件</summary>
		<description lang="zh">在局域网内搭建一个web服务，可以进行对直播源的修改</description>
		<license>GNU General Public License, v2</license>
		<language>zh</language>
		<website>Kodi.tv</website>
		<email>ahillesfly87@gmail.com</email>
		<assets>
			<icon>icon.png</icon>
			<fanart>fanart.jpg</fanart>
			<screenshot>resources/screenshot-01.png</screenshot>
			<screenshot>resources/screenshot-02.png</screenshot>
			<screenshot>resources/screenshot-03.png</screenshot>
			<screenshot>resources/screenshot-04.png</screenshot>
		</assets>
		<news>技术小白 BUG难免 介意慎用</news>
	</extension>
</addon>